{
  "Total" : {
    "transaction" : "Total",
    "sampleCount" : 9000,
    "errorCount" : 0,
    "errorPct" : 0.0,
    "meanResTime" : 639.1018888888897,
    "medianResTime" : 538.0,
    "minResTime" : 236.0,
    "maxResTime" : 5950.0,
    "pct1ResTime" : 1118.0,
    "pct2ResTime" : 1250.949999999999,
    "pct3ResTime" : 1684.0,
    "throughput" : 493.0426207954421,
    "receivedKBytesPerSec" : 420.776567807056,
    "sentKBytesPerSec" : 147.57574538457322
  },
  "Token" : {
    "transaction" : "Token",
    "sampleCount" : 1500,
    "errorCount" : 0,
    "errorPct" : 0.0,
    "meanResTime" : 609.501333333334,
    "medianResTime" : 514.0,
    "minResTime" : 472.0,
    "maxResTime" : 2516.0,
    "pct1ResTime" : 1178.5000000000005,
    "pct2ResTime" : 1267.0,
    "pct3ResTime" : 1700.99,
    "throughput" : 129.39958592132507,
    "receivedKBytesPerSec" : 98.34941392770877,
    "sentKBytesPerSec" : 35.25633249223603
  },
  "DeleteBooking" : {
    "transaction" : "DeleteBooking",
    "sampleCount" : 1500,
    "errorCount" : 0,
    "errorPct" : 0.0,
    "meanResTime" : 763.4966666666652,
    "medianResTime" : 761.5,
    "minResTime" : 239.0,
    "maxResTime" : 2792.0,
    "pct1ResTime" : 1176.9,
    "pct2ResTime" : 1277.95,
    "pct3ResTime" : 1798.6400000000003,
    "throughput" : 91.15216334467671,
    "receivedKBytesPerSec" : 67.16181597897423,
    "sentKBytesPerSec" : 21.363788283908605
  },
  "CreateBooking" : {
    "transaction" : "CreateBooking",
    "sampleCount" : 1500,
    "errorCount" : 0,
    "errorPct" : 0.0,
    "meanResTime" : 543.8380000000004,
    "medianResTime" : 487.0,
    "minResTime" : 236.0,
    "maxResTime" : 2943.0,
    "pct1ResTime" : 763.0,
    "pct2ResTime" : 1183.95,
    "pct3ResTime" : 1516.8700000000001,
    "throughput" : 123.58902529455385,
    "receivedKBytesPerSec" : 114.5789347655928,
    "sentKBytesPerSec" : 52.98396689873939
  },
  "GetBookingInfo" : {
    "transaction" : "GetBookingInfo",
    "sampleCount" : 1500,
    "errorCount" : 0,
    "errorPct" : 0.0,
    "meanResTime" : 564.6666666666664,
    "medianResTime" : 515.0,
    "minResTime" : 238.0,
    "maxResTime" : 5950.0,
    "pct1ResTime" : 768.0,
    "pct2ResTime" : 1222.95,
    "pct3ResTime" : 1485.9,
    "throughput" : 90.74410163339383,
    "receivedKBytesPerSec" : 81.52506805807622,
    "sentKBytesPerSec" : 19.31856851179673
  },
  "GetBookinginfoUpdate" : {
    "transaction" : "GetBookinginfoUpdate",
    "sampleCount" : 1500,
    "errorCount" : 0,
    "errorPct" : 0.0,
    "meanResTime" : 564.8999999999996,
    "medianResTime" : 525.0,
    "minResTime" : 239.0,
    "maxResTime" : 3586.0,
    "pct1ResTime" : 748.9000000000001,
    "pct2ResTime" : 1163.5000000000005,
    "pct3ResTime" : 1436.99,
    "throughput" : 90.70020558713267,
    "receivedKBytesPerSec" : 81.46909768412142,
    "sentKBytesPerSec" : 19.309223455073166
  },
  "UpdateBooking" : {
    "transaction" : "UpdateBooking",
    "sampleCount" : 1500,
    "errorCount" : 0,
    "errorPct" : 0.0,
    "meanResTime" : 788.2086666666669,
    "medianResTime" : 781.0,
    "minResTime" : 241.0,
    "maxResTime" : 3344.0,
    "pct1ResTime" : 1168.9,
    "pct2ResTime" : 1270.0,
    "pct3ResTime" : 1789.6700000000003,
    "throughput" : 90.66183136899366,
    "receivedKBytesPerSec" : 81.59470383801752,
    "sentKBytesPerSec" : 39.39894038984587
  }
}